Workbook

Sheet 0 Manual

Sheet Studentdata
B2: Namn | C2: LiU-ID
B3: Mary Tecle | C3: marte668

Sheet Riskregister
A2: Analys Risk - Riskregister
A3: *Notering: Sannolikhets- och konsekvensnivåerna är bedömningar jag gjort utifrån informationen i systemmodellen och uppgiftsbeskrivningen. Bedömningarna är gjorda utan närmare information om teknisk miljö, befintliga säkerhetsåtgärder eller tidigare incidenter. Jag har försökt undvika att göra antaganden men har förhållit mig till informationen som funnits tillgänglig och använt källor som stöd för riskernas möjliga konsekvenser och relevans.
G4: Sannolikhet | I4: Konsekvens
A5: ID | B5: Tillgång | C5: Egenskap (CIA/STRIDE) | D5: Riskscenario | E5: Orsaksbeskrivning | F5: Konsekvensbeskrivning | G5: Värde S 1-4 | H5: Sannolikhetsnivå | I5: Värde K 1-4 | J5: Konsekvensnivå | K5: Risknivå | L5: Kommentar
A6: Risk-001 | B6: Databas | C6: Confidentiality | D6: En angripare kapar ett administratörskonto och får åtkomst till databasen. | E6: Obehörig autentisering. | F6: Kan läsa, kopiera eller exponera känsliga kunduppgifter. | G6: 3 | H6: Hög | I6: 4 | J6: Allvarlig | K6: =IF(ISBLANK(I6),"",G6+I6-1) -> 6 | L6: Att ett administratörskonto kapas bedömer jag som en realistisk risk. Konsekvensen bedöms som allvarlig då känsliga uppgifter kan ändras eller exponeras (Cybersäkerhet i Sverige - Rekommenderade säkerhetsåtgärder, 2020:11, 14).
A7: Risk-002 | B7: Databas | C7: Availability | D7: Ett tekniskt fel gör att databasen blir otillgänglig. | E7: Felet skulle till exempel kunna bero på en bugg. | F7: Arbete beroende av kunduppgifter kan inte utföras under avbrottet. | G7: 4 | H7: =IF(ISBLANK(G7),"",VLOOKUP(G7,Data!$C$5:$D$8,2)) -> Mycket hög | I7: 2 | J7: =IF(ISBLANK(I7),"",VLOOKUP(I7,Data!$E$5:$F$8,2)) -> Måttlig | K7: =IF(ISBLANK(I7),"",G7+I7-1) -> 5 | L7: Jag bedömer sannolikheten som mycket hög utifrån att systemfel är en återkommande orsak till incidenter (ENISA, 2021:12). Bedömningen för konsekvensen är måttlig då avbrottet påverkar arbetet men stoppar inte hela verksamheten.
A8: Risk-003 | B8: Systemadministratör | C8: Integrity | D8: En felaktig ändring görs av misstag i systemet eller informationen. | E8: Systemadministratörens omfattande behörigheter möjliggör ändringar som inte var avsedda. | F8: Systemfunktioner verksamheten är beroende av kan påverkas och information som är viktig kan bli felaktig. | G8: 3 | H8: =IF(ISBLANK(G8),"",VLOOKUP(G8,Data!$C$5:$D$8,2)) -> Hög | I8: 4 | J8: =IF(ISBLANK(I8),"",VLOOKUP(I8,Data!$E$5:$F$8,2)) -> Allvarlig | K8: =IF(ISBLANK(I8),"",G8+I8-1) -> 6 | L8: Jag bedömer sannolikheten som hög. Systemadministrativa behörigheter kan bidra till att inställningar ändras av misstag eller information raderas och kan få allvarliga konsekvenser (Cybersäkerhet i Sverige - Rekommenderade säkerhetsåtgärder, 2020:14). Därför bedömer jag konsekvensen som allvarlig.
A9: Risk-004 | B9: Systemadministratör | C9: Confidentiality | D9: En angripare får tillgång till systemadministratörens konto genom inloggningsuppgifterna. | E9: Obehörig autentisering. | F9: Tillgång till system och information administratören har behörighet till och kan därmed ändra, kopiera, exponera information samt skada system. | G9: 2 | H9: =IF(ISBLANK(G9),"",VLOOKUP(G9,Data!$C$5:$D$8,2)) -> Medelhög | I9: 4 | J9: =IF(ISBLANK(I9),"",VLOOKUP(I9,Data!$E$5:$F$8,2)) -> Allvarlig | K9: =IF(ISBLANK(I9),"",G9+I9-1) -> 5 | L9: Jag bedömer sannolikheten som medelhög då obehöriga kan komma åt autentiseringsuppgifterna. Allvarlig konsekvens sett till administratörens omfattande behörigheter som kan ge angriparen åtkomst till information och system (Cybersäkerhet i Sverige - Rekommenderade säkerhetsåtgärder, 2020: 11, 14).
A10: Risk-005 | B10: Fakturasystem | C10: Availability | D10: Skadlig kod påverkar fakturasystemet. | E10: En behörig användare öppnar en skadlig länk eller en bilaga i ett e-postmeddelande. | F10: Systemet otillgängliggörs eller kan inte användas som avsett. | G10: 3 | H10: =IF(ISBLANK(G10),"",VLOOKUP(G10,Data!$C$5:$D$8,2)) -> Hög | I10: 3 | J10: =IF(ISBLANK(I10),"",VLOOKUP(I10,Data!$E$5:$F$8,2)) -> Betydande | K10: =IF(ISBLANK(I10),"",G10+I10-1) -> 5 | L10: Här bedömer jag sannolikheten som hög då användare kan utsättas för skadlig kod genom att öppna länkar eller bilagor. Betydande konsekvens där ett påverkat fakturasystem kan orsaka ett längre avbrott samt tydligt påverka verksamheten (Cybersäkerhet i Sverige - Rekommenderade säkerhetsåtgärder, 2020:22).
A11: Risk-006 | B11: Kundhantering | C11: Integrity | D11: En angripare får obehörig åtkomst till kundhanteringssystemet och ändrar uppgifter. | E11: En behörig användare utsätts för riktat nätfiske där angriparen kommer över inloggningsuppgifterna. | F11: Felaktiga kunduppgifter kan påverka verksamheten och kunderna. | G11: 3 | H11: =IF(ISBLANK(G11),"",VLOOKUP(G11,Data!$C$5:$D$8,2)) -> Hög | I11: 4 | J11: =IF(ISBLANK(I11),"",VLOOKUP(I11,Data!$E$5:$F$8,2)) -> Allvarlig | K11: =IF(ISBLANK(I11),"",G11+I11-1) -> 6 | L11: Bedömer sannolikheten som hög på grund av att riktat nätfiske beskrivs som en framgångsrik angreppsmetod i syfte att kunna lura mottagaren att lämna ifrån sig lösenord. Konsekvensen kan bli allvarlig. Angriparen kan få obehörig åtkomst och ändra kunduppgifter (Cybersäkerhet i Sverige - Hot, metoder, brister och beroenden, 2020:15).
A12: Risk-007 | B12: Kundhantering | C12: Availability | D12: Överbelastning i kundhanteringssystemet. | E12: Kundhanteringen utsätts för hög belastning av en angripare. | F12: Resurserna i systemet räcker inte till för normal användning och kan göra systemet otillgängligt eller långsamt för behöriga användare. | G12: 2 | H12: =IF(ISBLANK(G12),"",VLOOKUP(G12,Data!$C$5:$D$8,2)) -> Medelhög | I12: 2 | J12: =IF(ISBLANK(I12),"",VLOOKUP(I12,Data!$E$5:$F$8,2)) -> Måttlig | K12: =IF(ISBLANK(I12),"",G12+I12-1) -> 3 | L12: Jag bedömer sannolikheten som medelhög. Denial of Service (DoS)-angrepp kan användas som ett sätt att göra kundhanteringen otillgänglig eller hindra den från att fungera fullt effektivt. Konsekvens måttlig eftersom kundhanteringen ändå kan fortsätta även om hanteringen kan bli långsam eller delvis otillgänglig (NIST, 2012:E-4).
A13: Risk-008 | B13: Kundhantering | C13: Availability | D13: Systemfel i kundhanteringssystemet. | E13: Ett tekniskt fel i systemet. | F13: Systemet blir otillgängligt för behöriga användare och skapar avbrott i verksamheten. | G13: 3 | H13: =IF(ISBLANK(G13),"",VLOOKUP(G13,Data!$C$5:$D$8,2)) -> Hög | I13: 2 | J13: =IF(ISBLANK(I13),"",VLOOKUP(I13,Data!$E$5:$F$8,2)) -> Måttlig | K13: =IF(ISBLANK(I13),"",G13+I13-1) -> 4 | L13: Jag bedömer sannolikheten som hög sett till riskfaktorn gällande systemfel som buggar eller hårdvarufel (ENISA, 2021:11). Måttlig konsekvens då felet inte bedöms ge upphov till stora avbrott. Systemfelet kan dock påverka arbetet i kundhanteringen och göra den otillgänglig.
A14: Risk-009 | B14: Kontorsenhet | C14: Confidentiality | D14: Behörig användare får obehörig tillgång. | E14: En behörig användare till kontorsenheten får av misstag obehörig tillgång till kunduppgifterna. | F14: Den obehöriga användaren får tillgång till konfidentiell information som kan vara av känslig karaktär. | G14: 3 | H14: =IF(ISBLANK(G14),"",VLOOKUP(G14,Data!$C$5:$D$8,2)) -> Hög | I14: 2 | J14: =IF(ISBLANK(I14),"",VLOOKUP(I14,Data!$E$5:$F$8,2)) -> Måttlig | K14: =IF(ISBLANK(I14),"",G14+I14-1) -> 4 | L14: Jag bedömer sannolikheten som hög utifrån orsak: mänsklig faktor. Konsekvensen som måttlig då detta scenario gäller oavsiktlig åtkomst till kunduppgifter internt. Konsekvensen hade däremot kunnat bli allvarligare om användaren haft högre behörigheter (Cybersäkerhet i Sverige - Rekommenderade säkerhetsåtgärder, 2020:14).
A15: Risk-010 | B15: Molntjänst | C15: Confidentiality | D15: Obehörig aktör imiterar den behöriga användaren för åtkomst till molntjänsten som behörig. | E15: En obehörig aktör kommer över en behörig användares autentiseringsuppgifter. | F15: Kontrollförlust över vem som har åtkomst till molntjänsten och obehöriga kan få tillgång till funktioner eller information avsett för behöriga användare. | G15: 2 | H15: =IF(ISBLANK(G15),"",VLOOKUP(G15,Data!$C$5:$D$8,2)) -> Medelhög | I15: 4 | J15: =IF(ISBLANK(I15),"",VLOOKUP(I15,Data!$E$5:$F$8,2)) -> Allvarlig | K15: =IF(ISBLANK(I15),"",G15+I15-1) -> 5 | L15: Jag bedömer sannolikheten som medelhög. Autentiseringsuppgifter kan utnyttjas för obehörig åtkomst. Konsekvensen bedömer jag som allvarlig. En obehörig kan få tillgång till funktioner i molntjänsten samt information (Cybersäkerhet i Sverige - Rekommenderade säkerhetsåtgärder, 2020:12).
A16: Risk-011 | B16: Extern enhet | C16: Confidentiality | D16: En angripare använder en extern komprometterad enhet för att förflytta sig till andra delar av IT-miljön. | E16: Den externa enheten komprometteras av en angripare. | F16: Angriparen kan få obehörig åtkomst till flera delar av IT-miljön och informationen som finns där. | G16: 2 | H16: =IF(ISBLANK(G16),"",VLOOKUP(G16,Data!$C$5:$D$8,2)) -> Medelhög | I16: 4 | J16: =IF(ISBLANK(I16),"",VLOOKUP(I16,Data!$E$5:$F$8,2)) -> Allvarlig | K16: =IF(ISBLANK(I16),"",G16+I16-1) -> 5 | L16: Jag bedömer sannolikheten som medelhög då scenariot innebär att den externa enheten komprometteras och därefter lyckas angriparen ta sig in till flera olika delar i IT-miljön. Konsekvensen bedömer jag som allvarlig. En sådan åtkomst kan innebära att flera delar av IT-miljön och informationen som finns där exponeras (Cybersäkerhet i Sverige - Rekommenderade säkerhetsåtgärder, 2020:24).
A17: Risk-013 | H17: =IF(ISBLANK(G17),"",VLOOKUP(G17,Data!$C$5:$D$8,2)) | J17: =IF(ISBLANK(I17),"",VLOOKUP(I17,Data!$E$5:$F$8,2)) | K17: =IF(ISBLANK(I17),"",G17+I17-1)
A18: Risk-014 | H18: =IF(ISBLANK(G18),"",VLOOKUP(G18,Data!$C$5:$D$8,2)) | J18: =IF(ISBLANK(I18),"",VLOOKUP(I18,Data!$E$5:$F$8,2)) | K18: =IF(ISBLANK(I18),"",G18+I18-1)
A19: Risk-015 | H19: =IF(ISBLANK(G19),"",VLOOKUP(G19,Data!$C$5:$D$8,2)) | J19: =IF(ISBLANK(I19),"",VLOOKUP(I19,Data!$E$5:$F$8,2)) | K19: =IF(ISBLANK(I19),"",G19+I19-1)
A20: Risk-016 | H20: =IF(ISBLANK(G20),"",VLOOKUP(G20,Data!$C$5:$D$8,2)) | J20: =IF(ISBLANK(I20),"",VLOOKUP(I20,Data!$E$5:$F$8,2)) | K20: =IF(ISBLANK(I20),"",G20+I20-1)
A21: Risk-017 | H21: =IF(ISBLANK(G21),"",VLOOKUP(G21,Data!$C$5:$D$8,2)) | J21: =IF(ISBLANK(I21),"",VLOOKUP(I21,Data!$E$5:$F$8,2)) | K21: =IF(ISBLANK(I21),"",G21+I21-1)
A22: Risk-018 | H22: =IF(ISBLANK(G22),"",VLOOKUP(G22,Data!$C$5:$D$8,2)) | J22: =IF(ISBLANK(I22),"",VLOOKUP(I22,Data!$E$5:$F$8,2)) | K22: =IF(ISBLANK(I22),"",G22+I22-1)
A23: Risk-019 | H23: =IF(ISBLANK(G23),"",VLOOKUP(G23,Data!$C$5:$D$8,2)) | J23: =IF(ISBLANK(I23),"",VLOOKUP(I23,Data!$E$5:$F$8,2)) | K23: =IF(ISBLANK(I23),"",G23+I23-1)
A24: Risk-020 | H24: =IF(ISBLANK(G24),"",VLOOKUP(G24,Data!$C$5:$D$8,2)) | J24: =IF(ISBLANK(I24),"",VLOOKUP(I24,Data!$E$5:$F$8,2)) | K24: =IF(ISBLANK(I24),"",G24+I24-1)
A25: Risk-021 | H25: =IF(ISBLANK(G25),"",VLOOKUP(G25,Data!$C$5:$D$8,2)) | J25: =IF(ISBLANK(I25),"",VLOOKUP(I25,Data!$E$5:$F$8,2)) | K25: =IF(ISBLANK(I25),"",G25+I25-1)
A26: Risk-022 | H26: =IF(ISBLANK(G26),"",VLOOKUP(G26,Data!$C$5:$D$8,2)) | J26: =IF(ISBLANK(I26),"",VLOOKUP(I26,Data!$E$5:$F$8,2)) | K26: =IF(ISBLANK(I26),"",G26+I26-1)
A27: Risk-023 | H27: =IF(ISBLANK(G27),"",VLOOKUP(G27,Data!$C$5:$D$8,2)) | J27: =IF(ISBLANK(I27),"",VLOOKUP(I27,Data!$E$5:$F$8,2)) | K27: =IF(ISBLANK(I27),"",G27+I27-1)
A28: Risk-024 | H28: =IF(ISBLANK(G28),"",VLOOKUP(G28,Data!$C$5:$D$8,2)) | J28: =IF(ISBLANK(I28),"",VLOOKUP(I28,Data!$E$5:$F$8,2)) | K28: =IF(ISBLANK(I28),"",G28+I28-1)
... A54: Risk-050 | H54: =IF(ISBLANK(G54),"",VLOOKUP(G54,Data!$C$5:$D$8,2)) | J54: =IF(ISBLANK(I54),"",VLOOKUP(I54,Data!$E$5:$F$8,2)) | K54: =IF(ISBLANK(I54),"",G54+I54-1)

Sheet Risknivåer
A2: Risknivåer
B4: Konsekvensnivåer | K4: Riskmatris
C6: Ekonomisk förlust | E6: Minskat förtroende | G6: Avbrott i verksamheten | I6: Bristande regelefterlevnad | J6: 4 | K6: 4 | L6: 5 | M6: 6 | N6: 7
A7: 4 | B7: Allvarlig | C7: Mycket stor ekonomisk förlust. Påverkar allvarligt företagets förmåga att fortsätta sin ordinarie verksamhet. | E7: En stor och långvarig förtroendeskada som påverkar relationen till kunder och andra berörda allvarligt. | G7: Flera verksamhetskritiska funktioner påverkas i ett långvarigt avbrott. | I7: Allvarlig bristande efterlevnad av bindande eller rättsliga krav. Stora konsekvenser för verksamheten. | J7: 3 | K7: 3 | L7: 4 | M7: 5 | N7: 6
A8: 3 | B8: Betydande | C8: En större förlust som tydligt påverkar verksamheten. | E8: En tydlig förtroendeskada som påverkar företagets berörda relationer. | G8: Ett längre avbrott med tydlig påverkan på verksamheten. | I8: Betydande bristande efterlevnad av bindande eller rättsliga krav. Tydlig påverkan på verksamheten. | J8: 2 | K8: 2 | L8: 3 | M8: 4 | N8: 5
A9: 2 | B9: Måttlig | C9: En ekonomisk förlust som är begränsad som verksamheten kan hantera. | E9: Begränsad förtroendeskada som påverkar enstaka kunder. | G9: Ett kortare avbrott påverkar arbetet men verksamheten kan delvis fortsätta. | I9: Begränsad bristande efterlevnad av bindande eller rättsliga krav. Begränsad påverkan på verksamheten. | J9: 1 | K9: 1 | L9: 2 | M9: 3 | N9: 4
A10: 1 | B10: Försumbar | C10: Mycket liten eller ingen förlust. Påverkar verksamheten i liten utsträckning. | E10: Ingen påverkan eller en mycket liten påverkan på förtroendet. | G10: En kortvarig störning och liten påverkan på verksamheten. | I10: Mindre avvikelse. Ingen eller liten påverkan på verksamheten. | K10: 1 | L10: 2 | M10: 3 | N10: 4
B12: Sannolikhetsnivåer | K12: Risknivåer
A14: 4 | B14: Mycket hög | C14: 1-10 ggr/år | K14: 7
A15: 3 | B15: Hög | C15: 0,5-1 gång/år | K15: 6
A16: 2 | B16: Medelhög | C16: 0,05-0,5 ggr/år | K16: 5
A17: 1 | B17: Låg | C17: < 0,05 ggr/år | K17: 4
K18: 3
K19: 2
K20: 1

Sheet Data
B2: Detta ark används av Excel för att hämta uppgifter som används i de andra kalkylarken. Normalt sett behöver ni inte ändra här.
D4: Sannolikhet | F4: Konsekvens
C5: 1 | D5: Låg | E5: 1 | F5: Försumbar
C6: 2 | D6: Medelhög | E6: 2 | F6: Måttlig
C7: 3 | D7: Hög | E7: 3 | F7: Betydande
C8: 4 | D8: Mycket hög | E8: 4 | F8: Allvarlig

Sheet Referenslista
A2: Referenser
A4: Cybersäkerhet i Sverige 2020: hot, metoder, brister och beroenden (2020).
A6: Cybersäkerhet i Sverige 2020: rekommenderade säkerhetsåtgärder (2020).
A8: European Union Agency for Cybersecurity (ENISA) (2021). Trust Services Security Incidents
A9: 2020: Annual Report. ENISA
A11: Ross, R. (2012). Guide for Conducting Risk Assessments. NIST Special Publication 800-30,
A12: Revision 1. Gaithersburg, MD: National Institute of Standards and Technology.
