Workbook

Sheet 0 Manual

Sheet Studentdata
B2: Namn | C2: LiU-ID
B3: Diala Badra | C3: diaba644

Sheet Risknivåer
A2: Risknivåer
B4: Konsekvensnivåer | K4: Riskmatris
C6: Ekonomisk förlust | E6: Minskat förtroende | G6: Avbrott i verksamheten | I6: Bristande regelefterlevnad | J6: 4 | K6: 4 | L6: 5 | M6: 6 | N6: 7
A7: 4 | B7: Allvarlig | C7: Förlust på > 1 miljon kr | E7: Omfattande exponering av kunduppgifter eller en allvarlig incident som orsakar stort och långvarigt fötrpendetapp | G7: Kundhantering eller fakturering ligger nere under en längre tid och kritiska verksamhetsprocesser stoppas | I7: omfattande övträdelser av lagar eller regler exempelvis: storskaliga exponering av personuppgifter. Leder till avgifter och rättsliga konsekvenser | J7: 3 | K7: 3 | L7: 4 | M7: 5 | N7: 6
A8: 3 | B8: Betydande | C8: Förlust på 1 miljon - 500 000 kr | E8: Känsliga kunduppgifter exponeras eller en incident leder till tydligt minskat förtroende bland flera kunder | G8: Kritisk funktion, exempelvis: fakturering eller kundhantering, är otillgänglig längre än verksamhet kan accpetra | I8: Övträdelser som påverkar flera kunder eller innebär brister i hanteringen av personuppgifter, risk för mydnighetsgrandskning | J8: 2 | K8: 2 | L8: 3 | M8: 4 | N8: 5
A9: 2 | B9: Måttlig | C9: Förlust på < 500 000 kr | E9: En begränsad incident orsakar klagomål från vissa kunder eller tillfälligt minskat förtroende | G9: Enstaka funktioner påverkas och arbetet färsemas, men verksamheten kan fortsätta med tillfälliga lösningar | I9: Begränsade överträdelser, ex: felaktig hantering eller lagring av kunduppgifter, som rättelser och kan leda till klagomål | J9: 1 | K9: 1 | L9: 2 | M9: 3 | N9: 4
A10: 1 | B10: Försumbar | C10: Inget förlust eller försumbar | E10: Mycket begränsad påverkan på kundernas förtroende | G10: Kortvariga störningar utan märkbar påverkan på verksamheten i större del | I10: Mindre avvikelser från interna procuderer eller admin krav som snabbt korrigeras och inte särsklit medför något rättslig eller ekonomisk påverkan | K10: 1 | L10: 2 | M10: 3 | N10: 4
B12: Sannolikhetsnivåer | K12: Risknivåer
A14: 4 | B14: Mycket hög | C14: > 10 ggr/år | K14: 7
A15: 3 | B15: Hög | C15: 10 - 5 ggr/år | K15: 6
A16: 2 | B16: Medelhög | C16: 5 - 1 ggr/år | K16: 5
A17: 1 | B17: Låg | C17: < 1 ggr/år | K17: 4
K18: 3
K19: 2
K20: 1

Sheet Riskregister
A2: Analys Risk - Riskregister
G4: Sannolikhet | I4: Konsekvens
A5: ID | B5: Tillgång | C5: Egenskap (CIA/STRIDE) | D5: Riskscenario | E5: Orsaksbeskrivning | F5: Konsekvensbeskrivning | G5: Värde S 1-4 | H5: Sannolikhetsnivå | I5: Värde K 1-4 | J5: Konsekvensnivå | K5: Risknivå | L5: Kommentar
A6: Risk-001 | B6: Databas | C6: Tampering, infomration disclouser | D6: en angripare får obhörig åtkomst till databasen och läser eller ändrar kund info | E6: Databas behörigheter kan vara för breda eller autenstiseringen otillräcklig. | F6: Kund info kan avslöjas eller ändras vilket kan orsaka förlorat förtoende, ekonomisk förlust och efterlevnad överträdelse. | G6: 2 | H6: =IF(ISBLANK(G6),"",VLOOKUP(G6,Data!$C$5:$D$8,2)) -> Medelhög | I6: 3 | J6: =IF(ISBLANK(I6),"",VLOOKUP(I6,Data!$E$5:$F$8,2)) -> Betydande | K6: =IF(ISBLANK(I6),"",G6+I6-1) -> 4
A7: Risk-002 | B7: Kundhantering | C7: Spoofing, information disclouser | D7: En amgripare tar över en användares konto och får åtkomst till kund info | E7: Användaren luras genom närfiske att lämna ur sina inloggningsuppgifter eller använda en falsk inloggningssida | F7: Kund uppgifter kan exponeras, missbrukas eller spridas vidarem vilket kan leda till minskat kund förtoende och ekonomiska förluster | G7: 4 | H7: =IF(ISBLANK(G7),"",VLOOKUP(G7,Data!$C$5:$D$8,2)) -> Mycket hög | I7: 2 | J7: =IF(ISBLANK(I7),"",VLOOKUP(I7,Data!$E$5:$F$8,2)) -> Måttlig | K7: =IF(ISBLANK(I7),"",G7+I7-1) -> 5
A8: Risk-003 | B8: Systemadminstratör | C8: Spoofing, Elevation of Privilege | D8: En angripare tar över administratörskontot och ändrar systembehörighet eller konfiguariton | E8: Angriparen utnyttjar exemplevis: stulna inloggningsuppgifter, sårbarheter eller felkonfigurationer | F8: Angripperane får kontroll över flera systemkomponenter, komma åt känsliga info och störa eller förändra systemets funktion | G8: 3 | H8: =IF(ISBLANK(G8),"",VLOOKUP(G8,Data!$C$5:$D$8,2)) -> Hög | I8: 4 | J8: =IF(ISBLANK(I8),"",VLOOKUP(I8,Data!$E$5:$F$8,2)) -> Allvarlig | K8: =IF(ISBLANK(I8),"",G8+I8-1) -> 6
A9: Risk-004 | B9: Fakturasystem | C9: Tampering | D9: En obehöriga person ändrar fakturabelopp eller betalningsuppgifter | E9: Otillräcklig behörighetskontroller eller bristande validering gör det möjlig att ändra fakturauppgifter utan tillstånd | F9: Felaktiga betalningar, ekonomiska förluster, tvister och minskat förtroende hos kunder | G9: 2 | H9: =IF(ISBLANK(G9),"",VLOOKUP(G9,Data!$C$5:$D$8,2)) -> Medelhög | I9: 4 | J9: =IF(ISBLANK(I9),"",VLOOKUP(I9,Data!$E$5:$F$8,2)) -> Allvarlig | K9: =IF(ISBLANK(I9),"",G9+I9-1) -> 5
A10: Risk-005 | B10: Molntjänst | C10: Information disclosure | D10: En angripare avlyssnar kund info som överförs mellan enheten och molntjänsten | E10: info överförs via en otillräckligt skyddad anslutning eller utan tillräckligt kryptering | F10: Personuppgifter kan exponeras, vilket kan leda till intergritetsintrång, minskat förtroende och eventuella regelöverträdelse | G10: 3 | H10: =IF(ISBLANK(G10),"",VLOOKUP(G10,Data!$C$5:$D$8,2)) -> Hög | I10: 3 | J10: =IF(ISBLANK(I10),"",VLOOKUP(I10,Data!$E$5:$F$8,2)) -> Betydande | K10: =IF(ISBLANK(I10),"",G10+I10-1) -> 5
A11: Risk-006 | B11: Externatjänsten(Skattverket) | C11: Tampering, Data intergrity | D11: Fekaktig kund info som överförs till externa tjänsten (Skattverket) | E11: uppgifterna valideras inte tillräckligt före överförningen, eller så har informationen ändrats felaktigt i ett tidigare process. | F11: Felaktiga uppgifter kan leda till gelaktig handläggning, behov av rättelse, förseningar och eventuella efterlevnadsproblem | G11: 2 | H11: =IF(ISBLANK(G11),"",VLOOKUP(G11,Data!$C$5:$D$8,2)) -> Medelhög | I11: 4 | J11: =IF(ISBLANK(I11),"",VLOOKUP(I11,Data!$E$5:$F$8,2)) -> Allvarlig | K11: =IF(ISBLANK(I11),"",G11+I11-1) -> 5
A12: Risk-007 | B12: Fakturasystem | C12: Data intergirty, availability | D12: Synkroniseringsfel mellan kundhanteringssystemet och fakturasystemet som misslyckas eller överför felaktiga data | E12: Tekniska fel, nätverkavbrott eller bristande felhantering kan göra att uppgifter saknas, dupliveras eller blir icke aktuella | F12: Fakturor kan baseras på felaktiga kunduppgifter, fakturering kan försenas och manuellt korrigering krävs | G12: 1 | H12: =IF(ISBLANK(G12),"",VLOOKUP(G12,Data!$C$5:$D$8,2)) -> Låg | I12: 1 | J12: =IF(ISBLANK(I12),"",VLOOKUP(I12,Data!$E$5:$F$8,2)) -> Försumbar | K12: =IF(ISBLANK(I12),"",G12+I12-1) -> 1
A13: Risk-008 | B13: Kundhantering | C13: Avability, Denial of service | D13: En angripare gör kundhanteringssystem otillgängligt genom att överbelasta det med förfrågningar | E13: Systemet kan sakna tillräckligt skydd mot stora mängder förfrågningar eller ha begränsade resurser för att hantera belastningstoppar | F13: Anställda kan inte komma åt eller uppdatera kunduppgifter, vilket kan leda till avbrott i verksamhet, försenad fakturering och minskat kundföretroende | G13: 4 | H13: =IF(ISBLANK(G13),"",VLOOKUP(G13,Data!$C$5:$D$8,2)) -> Mycket hög | I13: 4 | J13: =IF(ISBLANK(I13),"",VLOOKUP(I13,Data!$E$5:$F$8,2)) -> Allvarlig | K13: =IF(ISBLANK(I13),"",G13+I13-1) -> 7
A14: Risk-09 | H14: =IF(ISBLANK(G14),"",VLOOKUP(G14,Data!$C$5:$D$8,2)) | J14: =IF(ISBLANK(I14),"",VLOOKUP(I14,Data!$E$5:$F$8,2)) | K14: =IF(ISBLANK(I14),"",G14+I14-1)
A15: Risk-10 | H15: =IF(ISBLANK(G15),"",VLOOKUP(G15,Data!$C$5:$D$8,2)) | J15: =IF(ISBLANK(I15),"",VLOOKUP(I15,Data!$E$5:$F$8,2)) | K15: =IF(ISBLANK(I15),"",G15+I15-1)
A16: Risk-11 | H16: =IF(ISBLANK(G16),"",VLOOKUP(G16,Data!$C$5:$D$8,2)) | J16: =IF(ISBLANK(I16),"",VLOOKUP(I16,Data!$E$5:$F$8,2)) | K16: =IF(ISBLANK(I16),"",G16+I16-1)
A17: Risk-12 | H17: =IF(ISBLANK(G17),"",VLOOKUP(G17,Data!$C$5:$D$8,2)) | J17: =IF(ISBLANK(I17),"",VLOOKUP(I17,Data!$E$5:$F$8,2)) | K17: =IF(ISBLANK(I17),"",G17+I17-1)
A18: Risk-13 | H18: =IF(ISBLANK(G18),"",VLOOKUP(G18,Data!$C$5:$D$8,2)) | J18: =IF(ISBLANK(I18),"",VLOOKUP(I18,Data!$E$5:$F$8,2)) | K18: =IF(ISBLANK(I18),"",G18+I18-1)
A19: Risk-14 | H19: =IF(ISBLANK(G19),"",VLOOKUP(G19,Data!$C$5:$D$8,2)) | J19: =IF(ISBLANK(I19),"",VLOOKUP(I19,Data!$E$5:$F$8,2)) | K19: =IF(ISBLANK(I19),"",G19+I19-1)
A20: Risk-15 | H20: =IF(ISBLANK(G20),"",VLOOKUP(G20,Data!$C$5:$D$8,2)) | J20: =IF(ISBLANK(I20),"",VLOOKUP(I20,Data!$E$5:$F$8,2)) | K20: =IF(ISBLANK(I20),"",G20+I20-1)
A21: Risk-16 | H21: =IF(ISBLANK(G21),"",VLOOKUP(G21,Data!$C$5:$D$8,2)) | J21: =IF(ISBLANK(I21),"",VLOOKUP(I21,Data!$E$5:$F$8,2)) | K21: =IF(ISBLANK(I21),"",G21+I21-1)
A22: Risk-17 | H22: =IF(ISBLANK(G22),"",VLOOKUP(G22,Data!$C$5:$D$8,2)) | J22: =IF(ISBLANK(I22),"",VLOOKUP(I22,Data!$E$5:$F$8,2)) | K22: =IF(ISBLANK(I22),"",G22+I22-1)
A23: Risk-18 | H23: =IF(ISBLANK(G23),"",VLOOKUP(G23,Data!$C$5:$D$8,2)) | J23: =IF(ISBLANK(I23),"",VLOOKUP(I23,Data!$E$5:$F$8,2)) | K23: =IF(ISBLANK(I23),"",G23+I23-1)
A24: Risk-19 | H24: =IF(ISBLANK(G24),"",VLOOKUP(G24,Data!$C$5:$D$8,2)) | J24: =IF(ISBLANK(I24),"",VLOOKUP(I24,Data!$E$5:$F$8,2)) | K24: =IF(ISBLANK(I24),"",G24+I24-1)
A25: Risk-20 | H25: =IF(ISBLANK(G25),"",VLOOKUP(G25,Data!$C$5:$D$8,2)) | J25: =IF(ISBLANK(I25),"",VLOOKUP(I25,Data!$E$5:$F$8,2)) | K25: =IF(ISBLANK(I25),"",G25+I25-1)
... A52: Risk-47 | H52: =IF(ISBLANK(G52),"",VLOOKUP(G52,Data!$C$5:$D$8,2)) | J52: =IF(ISBLANK(I52),"",VLOOKUP(I52,Data!$E$5:$F$8,2)) | K52: =IF(ISBLANK(I52),"",G52+I52-1)

Sheet Data
B2: Detta ark används av Excel för att hämta uppgifter som används i de andra kalkylarken. Normalt sett behöver ni inte ändra här.
D4: Sannolikhet | F4: Konsekvens
C5: 1 | D5: Låg | E5: 1 | F5: Försumbar
C6: 2 | D6: Medelhög | E6: 2 | F6: Måttlig
C7: 3 | D7: Hög | E7: 3 | F7: Betydande
C8: 4 | D8: Mycket hög | E8: 4 | F8: Allvarlig
