Workbook

Sheet 0 Manual

Sheet Studentdata
B2: Namn | C2: LiU-ID
B3: Erik Östenberg | C3: erios013

Sheet Riskregister
A2: Analys Risk - Riskregister
G4: Sannolikhet | I4: Konsekvens
A5: ID | B5: Tillgång | C5: Egenskap | D5: Riskscenario | E5: Orsaksbeskrivning | F5: Konsekvensbeskrivning | G5: Värde S 1-4 | H5: Sannolikhetsnivå | I5: Värde K 1-4 | J5: Konsekvensnivå | K5: Risknivå | L5: Kommentar
A6: Risk-001 | B6: Databas | C6: Integritet | D6: Fakturauppgifter manipuleras innan fakturor skickas. | E6: Ett inmatningsfält i webbapplikationen är sårbart för SQL-injektion, vilket gör att en angripare kan manipulera data i faktureringsdatabasen. | F6: Kund- och leverantörsfakturor kan få felaktiga belopp, vilket kan orsaka ekonomiska förluster och felaktiga betalningar. | G6: 3 | H6: =IF(ISBLANK(G6),"",VLOOKUP(G6,Data!$C$5:$D$8,2)) -> Hög | I6: 3 | J6: =IF(ISBLANK(I6),"",VLOOKUP(I6,Data!$E$5:$F$8,2)) -> Betydande | K6: =IF(ISBLANK(I6),"",G6+I6-1) -> 5 | L6: Möjliga åtgärder: parametriserade frågor, indatavalidering, minsta möjliga databasrättigheter.
A7: Risk-002 | B7: Databas | C7: Konfidentialitet | D7: Angripare får obehörig åtkomst till kunduppgifter. | E7: Ett inmatningsfält i webbapplikationen är sårbart för SQL-injektion, vilket gör att en angripare kan läsa data ur databasen. | F7: Kund- och leverantörsuppgifter exponeras för obehöriga och kan missbrukas eller spridas vidare. | G7: 3 | H7: =IF(ISBLANK(G7),"",VLOOKUP(G7,Data!$C$5:$D$8,2)) -> Hög | I7: 3 | J7: =IF(ISBLANK(I7),"",VLOOKUP(I7,Data!$E$5:$F$8,2)) -> Betydande | K7: =IF(ISBLANK(I7),"",G7+I7-1) -> 5 | L7: Möjliga åtgärder: parametriserade frågor, kryptering av känsliga fält, loggning och övervakning av databasfrågor.
A8: Risk-003 | B8: Databas | C8: Tillgänglighet | D8: Leveransdatabasen blir otillgänglig på grund av överbelastning. | E8: En DDoS-attack eller en stor mängd resurskrävande förfrågningar mot webbapplikationen överbelastar databasen. Applikationen saknar begränsning av antalet anrop (rate limiting) och skydd mot överbelastningsattacker. | F8: Leveransuppgifter kan inte nås av speditörer, vilket förhindrar eller försenar leveranser till kunder. Det kan leda till missnöjda kunder och uteblivna intäkter. | G8: 2 | H8: =IF(ISBLANK(G8),"",VLOOKUP(G8,Data!$C$5:$D$8,2)) -> Medelhög | I8: 3 | J8: =IF(ISBLANK(I8),"",VLOOKUP(I8,Data!$E$5:$F$8,2)) -> Betydande | K8: =IF(ISBLANK(I8),"",G8+I8-1) -> 4 | L8: Möjliga åtgärder: rate limiting, DDoS-skydd, övervakning av databasbelastning.
A9: Risk-004 | B9: Kundhantering | C9: Integritet | D9: Ett komprometterat administratörskonto används för att skapa eller manipulera kundärenden så att falsk information framstår som legitim. | E9: Administratörens inloggningsuppgifter har komprometterats genom phishing eller återanvänt lösenord, och multifaktorautentisering (MFA) saknas. Angriparen kan därför autentisera sig som administratören i ärendehanteringssystemet (spoofing). | F9: Manipulerade ärenden kan leda till att personal utför felaktiga åtgärder, missar legitima ärenden eller fattar beslut baserade på felaktig information. Det är svårt att i efterhand avgöra vilka ärenden som är manipulerade. | G9: 3 | H9: =IF(ISBLANK(G9),"",VLOOKUP(G9,Data!$C$5:$D$8,2)) -> Hög | I9: 3 | J9: =IF(ISBLANK(I9),"",VLOOKUP(I9,Data!$E$5:$F$8,2)) -> Betydande | K9: =IF(ISBLANK(I9),"",G9+I9-1) -> 5 | L9: Möjliga åtgärder: MFA, loggning och granskning av administratörsåtgärder, utbildning mot phishing.
A10: Risk-005 | B10: Kundhantering | C10: Konfidentialitet | D10: Angripare får obehörig åtkomst till delar av kundregistret. | E10: AI-kundserviceagenten i betatestning är sårbar för promptinjektion, vilket kan få agenten att lämna ut information som angriparen inte har behörighet att få tillgång till. | F10: Kunduppgifter exponeras för obehöriga och kan missbrukas eller spridas vidare till tredje part. | G10: 3 | H10: =IF(ISBLANK(G10),"",VLOOKUP(G10,Data!$C$5:$D$8,2)) -> Hög | I10: 3 | J10: =IF(ISBLANK(I10),"",VLOOKUP(I10,Data!$E$5:$F$8,2)) -> Betydande | K10: =IF(ISBLANK(I10),"",G10+I10-1) -> 5 | L10: Möjliga åtgärder: begränsa agentens dataåtkomst, filtrera in- och utdata, grundlig testning innan produktionssättning.
A11: Risk-006 | B11: Fakturasystem | C11: Tillgänglighet | D11: Fakturafiler och historisk faktureringsdata krypteras och fakturasystemet blir otillgängligt efter en ransomware-attack. | E11: En användare med administratörsrättigheter klickar på ett phishingmejl, vilket leder till att ransomware installeras och sprids till fakturasystemet. | F11: Fakturor kan inte skickas till kunder eller leverantörer. Historisk faktureringsdata kan dessutom gå förlorad om säkerhetskopiering saknas eller inte kan återställas. | G11: 3 | H11: =IF(ISBLANK(G11),"",VLOOKUP(G11,Data!$C$5:$D$8,2)) -> Hög | I11: 4 | J11: =IF(ISBLANK(I11),"",VLOOKUP(I11,Data!$E$5:$F$8,2)) -> Allvarlig | K11: =IF(ISBLANK(I11),"",G11+I11-1) -> 6 | L11: Möjliga åtgärder: offline- eller oföränderliga säkerhetskopior, nätverkssegmentering, minskade administratörsrättigheter, utbildning.
A12: Risk-007 | B12: Fakturasystem | C12: Tillgänglighet | D12: Fakturasystemet blir otillgängligt efter en zero-day-attack. | E12: En zero-day-sårbarhet i fakturasystemet utnyttjas och systemet behöver stängas ned tills leverantören har tagit fram en säkerhetsuppdatering. | F12: Fakturor kan inte skickas till kunder eller leverantörer under tiden systemet är otillgängligt. | G12: 2 | H12: =IF(ISBLANK(G12),"",VLOOKUP(G12,Data!$C$5:$D$8,2)) -> Medelhög | I12: 3 | J12: =IF(ISBLANK(I12),"",VLOOKUP(I12,Data!$E$5:$F$8,2)) -> Betydande | K12: =IF(ISBLANK(I12),"",G12+I12-1) -> 4 | L12: Möjliga åtgärder: manuell reservrutin för fakturering, snabb patchprocess, nätverksövervakning.
A13: Risk-008 | B13: Molntjänst | C13: Konfidentialitet | D13: Angripare avlyssnar kundinformation under kommunikationen med molntjänsten. | E13: En man-in-the-middle-attack möjliggörs av svag eller felkonfigurerad TLS-kryptering, bristande certifikatvalidering eller användning av osäkra nätverk, till exempel publika wifi-nätverk. | F13: Kunduppgifter och inloggningsuppgifter kan avlyssnas och missbrukas eller spridas vidare. Det kan även utgöra en personuppgiftsincident enligt GDPR. | G13: 2 | H13: =IF(ISBLANK(G13),"",VLOOKUP(G13,Data!$C$5:$D$8,2)) -> Medelhög | I13: 3 | J13: =IF(ISBLANK(I13),"",VLOOKUP(I13,Data!$E$5:$F$8,2)) -> Betydande | K13: =IF(ISBLANK(I13),"",G13+I13-1) -> 4 | L13: Möjliga åtgärder: aktuell TLS-version, certifikatvalidering, VPN vid distansarbete.
A14: Risk-009 | B14: Molntjänst | C14: Tillgänglighet | D14: Molntjänsten blir otillgänglig efter en omfattande malwareinfektion hos leverantören. | E14: En datormask sprids i molnleverantörens miljö, och leverantören stänger tillfälligt ned tjänster för att begränsa spridningen. | F14: Molntjänsten blir otillgänglig under en okänd tidsperiod. Ordrar, kundregister och fakturering kan inte användas, vilket leder till uteblivna intäkter och risk för avtalsbrott gentemot kunder. | G14: 3 | H14: =IF(ISBLANK(G14),"",VLOOKUP(G14,Data!$C$5:$D$8,2)) -> Hög | I14: 3 | J14: =IF(ISBLANK(I14),"",VLOOKUP(I14,Data!$E$5:$F$8,2)) -> Betydande | K14: =IF(ISBLANK(I14),"",G14+I14-1) -> 5 | L14: Risken ligger delvis hos leverantören. Möjliga åtgärder: tydliga SLA-krav, lokala säkerhetskopior, kontinuitetsplan.
A15: Risk-010 | B15: Kontorsenhet | C15: Konfidentialitet | D15: Angripare får åtkomst till känslig information via en komprometterad administratörsklient. | E15: En angripare använder social engineering och utger sig för att vara en känd leverantör. På så sätt får angriparen fysisk åtkomst till klienten och installerar en keylogger. | F15: Lösenord och andra känsliga uppgifter kan samlas in och användas för ytterligare obehörig åtkomst till andra system. | G15: 2 | H15: =IF(ISBLANK(G15),"",VLOOKUP(G15,Data!$C$5:$D$8,2)) -> Medelhög | I15: 3 | J15: =IF(ISBLANK(I15),"",VLOOKUP(I15,Data!$E$5:$F$8,2)) -> Betydande | K15: =IF(ISBLANK(I15),"",G15+I15-1) -> 4 | L15: Möjliga åtgärder: rutiner för besökare, verifiering av externa personer, låsta arbetsstationer, skydd mot skadlig kod.
A16: Risk-011 | B16: Extern enhet | C16: Konfidentialitet | D16: En konsult med behörig åtkomst till kunduppgifter lämnar ut uppgifter till en obehörig part. | E16: Konsulten missbrukar sin behöriga åtkomst (insiderhot), till exempel av ekonomiska skäl eller på uppdrag av ett konkurrerande företag. Åtkomsten är dessutom bredare än nödvändigt, och kontrollen av hur konsulten använder den är begränsad. | F16: Kunduppgifter exponeras för obehöriga och kan missbrukas eller spridas vidare. Det kan ge affärsskada, förlorat kundförtroende och en personuppgiftsincident enligt GDPR. | G16: 2 | H16: =IF(ISBLANK(G16),"",VLOOKUP(G16,Data!$C$5:$D$8,2)) -> Medelhög | I16: 3 | J16: =IF(ISBLANK(I16),"",VLOOKUP(I16,Data!$E$5:$F$8,2)) -> Betydande | K16: =IF(ISBLANK(I16),"",G16+I16-1) -> 4 | L16: Möjliga åtgärder: minsta möjliga behörighet, sekretessavtal, loggning av åtkomst.

Sheet Risknivåer
A2: Risknivåer
B4: Konsekvensnivåer | H4: Riskmatris
C6: Ekonomisk förlust | D6: Minskat förtroende | E6: Avbrott i verksamheten | F6: Bristande regelefterlevnad | G6: 4 | H6: 4 | I6: 5 | J6: 6 | K6: 7
A7: 4 | B7: Allvarlig | C7: Över 500 000 kr | D7: Flera viktiga kunder förloras eller negativ publicitet i media | E7: Kritisk funktion ur drift mer än 3 dygn | F7: Allvarlig GDPR-incident med anmälan till IMY och risk för sanktionsavgift, eller väsentligt avtalsbrott | G7: 3 | H7: 3 | I7: 4 | J7: 5 | K7: 6
A8: 3 | B8: Betydande | C8: 100 000–500 000 kr | D8: Flera kunder tappar förtroendet och klagar, enstaka kunder lämnar | E8: Kritisk funktion ur drift 1–3 dygn | F8: Anmälningspliktig personuppgiftsincident eller avtalsbrott mot kunder | G8: 2 | H8: 2 | I8: 3 | J8: 4 | K8: 5
A9: 2 | B9: Måttlig | C9: 20 000–100 000 kr | D9: Enstaka kunder klagar, ingen kund lämnar | E9: Funktion ur drift några timmar upp till 1 dygn | F9: Mindre avvikelse som kan åtgärdas internt | G9: 1 | H9: 1 | I9: 2 | J9: 3 | K9: 4
A10: 1 | B10: Försumbar | C10: Under 20 000 kr | D10: Knappt märkbart för kunder | E10: Avbrott under 1 timme eller reservrutin används | F10: Ingen avvikelse från krav eller avtal | H10: 1 | I10: 2 | J10: 3 | K10: 4
B12: Sannolikhetsnivåer | H12: Risknivåer
A14: 4 | B14: Mycket hög | C14: Förväntas inträffa oftare än en gång per år | H14: 7
A15: 3 | B15: Hög | C15: Förväntas inträffa ungefär vart 1–3 år | H15: 6
A16: 2 | B16: Medelhög | C16: Förväntas inträffa ungefär vart 3–10 år | H16: 5
A17: 1 | B17: Låg | C17: Förväntas inträffa mer sällan än vart 10:e år | H17: 4
H18: 3
H19: 2
H20: 1

Sheet Data
B2: Detta ark används av Excel för att hämta uppgifter som används i de andra kalkylarken. Normalt sett behöver ni inte ändra här.
D4: Sannolikhet | F4: Konsekvens
C5: 1 | D5: Låg | E5: 1 | F5: Försumbar
C6: 2 | D6: Medelhög | E6: 2 | F6: Måttlig
C7: 3 | D7: Hög | E7: 3 | F7: Betydande
C8: 4 | D8: Mycket hög | E8: 4 | F8: Allvarlig
